epoch,step,train_loss
0,49,10.422307968139648
1,99,9.102849960327148
2,149,8.926307678222656
